id;name;iban;usreou;rate;utility_id
1;Прикарпатенерготрейд;LU67836721928D479P3N;2.64;42129720;1
2;Нафтогаз України;DE52408504742760506469;40121452;7.96;2
3;Газмережі Івано-Франківська філія;SK5400685747549051378087;11111111;128.56;3
4;Галкомфорт;BA250042183087209093;11111111;29;4
5;Діскавері;TL797862606730010090021;11111111;250;5
6;Поліція охорони;NL23UYAG0810073367;11111111;150;6
7;ФОП Вивіз сміття;DE73595617031189045065;11111111;32;7
8;Домофон сервіс;TL427110093700818009004;11111111;30;8
9;Галкомфорт;DO91ZMTJ22300950070064000762;11111111;128;9
